_id,,,,,,ENG110,ENG105,ENG106,MAT111,MAT121,MAT225,MAT224,MAT221,BLL101,PHY110,PHY110L,CHE101,SOC101,ECN200,BDS102,MGT301,ACN201,LFE201,EEE110,EEE110L,EEE210,EEE210L,CSE101,CSE115,CSE115L,CSE225,CSE225L,CSE213,CSE213L,CSE311,CSE311L,CSE329,CSE329L,CSE317,CSE111,CSE205,CSE205L,CSE305,CSE305L,CSE341,CSE341L,CSE331,CSE331L,CSE330,CSE330L,CSE340,CSE340L,CSE413,CSE413L,CSE445,CSE445L,CSE435,CSE435L,CSE321,CSE471,CSE498,CSE406,CSE425,CSE452,CSE421,EEE415,If you completed any other optional course except the above [add the course code and title]
22202020,,,,,,22202020,,,22202020,,,,,,22202020,22202020,,,,,,,,,,,,22202020,,,,,,,,,,,,,,,,,,,,,,,,,,,,,,,,,,,,,,,
22202018,,,,,,22202018,,,22202018,,,,,,22202018,22202018,,,,,,,,,,,,22202018,,,,,,,,,,,,,,,,,,,,,,,,,,,,,,,,,,,,,,,No
22202017,,,,,,22202017,,,22202017,,,,,,22202017,22202017,,,,,,,,,,,,22202017,,,,,,,,,,,,,,,,,,,,,,,,,,,,,,,,,,,,,,,
22202015,,,,,,22202015,,,22202015,,,,,,22202015,22202015,,,,,,,,,,,,22202015,,,,,,,,,,,,,,,,,,,,,,,,,,,,,,,,,,,,,,,
22202013,,,,,,22202013,,,22202013,,,,,,22202013,22202013,,,,,,,,,,,,22202013,,,,,,,,,,,,,,,,,,,,,,,,,,,,,,,,,,,,,,,
22202010,,,,,,22202010,,,22202010,,,,,,22202010,22202010,,,,,,,,,,,,22202010,,,,,,,,,,,,,,,,,,,,,,,,,,,,,,,,,,,,,,,
22202009,,,,,,22202009,,,22202009,,,,,,22202009,22202009,,,,,,,,,,,,22202009,,,,,,,,,,,,,,,,,,,,,,,,,,,,,,,,,,,,,,,
22202007,,,,,,22202007,,,22202007,,,,,,22202007,22202007,,,,,,,,,,,,22202007,,,,,,,,,,,,,,,,,,,,,,,,,,,,,,,,,,,,,,,
22202006,,,,,,22202006,,,22202006,,,,,,22202006,22202006,,,,,,,,,,,,22202006,,,,,,,,,,,,,,,,,,,,,,,,,,,,,,,,,,,,,,,
22202005,,,,,,22202005,,22202005,22202005,,,,,,22202005,22202005,,,,,,22202005,,22202005,22202005,22202005,22202005,22202005,,,,,,,,,,,,22202005,,,,,,,,,,,,,,,,,,,,,,,,,,,22202005
22202004,,,,,,22202004,,,22202004,,,,,,22202004,22202004,,,,,,,,,,,,22202004,,,,,,,,,,,,,,,,,,,,,,,,,,,,,,,,,,,,,,,
22202002,,,,,,22202002,,,22202002,,,,,,22202002,22202002,,,,,,,,,,,,22202002,,,,,,,,,,,,,,,,,,,,,,,,,,,,,,,,,,,,,,,
22202001,,,,,,22202001,,,22202001,,,,,,22202001,22202001,,,,,,,,,,,,22202001,,,,,,,,,,,,,,,,,,,,,,,,,,,,,,,,,,,,,,,
21302009,,,,,,21302009,21302009,21302009,21302009,,21302009,,,,21302009,21302009,,,,21302009,21302009,,,21302009,21302009,21302009,21302009,21302009,21302009,21302009,,,21302009,21302009,21302009,21302009,,,,21302009,21302009,21302009,21302009,21302009,21302009,21302009,,,,,,,,,,,,,,,,,,,,,
21302008,,,,,,21302008,,,21302008,21302008,21302008,,,21302008,21302008,21302008,,,,,,,,21302008,21302008,,,21302008,21302008,21302008,,,,,,,,,,21302008,21302008,21302008,,,,,,,,,,,,,,,,,,,,,,,,,
21302006,,,,,,21302006,,,21302006,21302006,,,,,21302006,21302006,,,,21302006,,,,21302006,21302006,,,21302006,21302006,21302006,,,,,,,,,,21302006,21302006,21302006,,,,,,,,,,,,,,,,,,,,,,,,,
21302005,,,,,,21302005,,,21302005,21302005,,,,,21302005,21302005,,,,,,,,21302005,21302005,,,21302005,21302005,21302005,,,,,,,,,,21302005,21302005,21302005,,,,,,,,,,,,,,,,,,,,,,,,,
21302003,,,,,,21302003,21302003,,21302003,21302003,,,,,21302003,21302003,,,,,,21302003,,21302003,21302003,,,21302003,21302003,21302003,,,,,,,,,,21302003,21302003,21302003,,,,,,,,,,,,,,,,,,,,,,,,,
21202014,,,,,,21202014,,21202014,21202014,21202014,21202014,,21202014,,21202014,21202014,,,,21202014,,,,21202014,21202014,21202014,21202014,21202014,21202014,21202014,,,,,,,,,,21202014,21202014,21202014,,,,,,,,,,,,,,,,,,,,,,,,,
21202010,,,,,,21202010,,21202010,21202010,21202010,21202010,,,21202010,21202010,21202010,,,,,,,,21202010,21202010,21202010,21202010,21202010,21202010,21202010,21202010,21202010,,,,,,,,21202010,21202010,21202010,,,,,,,,,,,,,,,,,,,,,,,,,
21202009,,,,,,21202009,,,21202009,21202009,21202009,,,,21202009,21202009,,,21202009,,,21202009,,21202009,21202009,21202009,21202009,21202009,21202009,21202009,21202009,21202009,,,,,,,,21202009,21202009,21202009,,,,,,,,,,,,,,,,,,,,,,,,,
21202004,,,,,,21202004,,21202004,21202004,21202004,21202004,21202004,21202004,,21202004,21202004,,,,,,,,21202004,21202004,21202004,21202004,21202004,21202004,21202004,21202004,21202004,,,,,,,,21202004,21202004,21202004,,,21202004,21202004,,,,,,,,,,,,,,,,,,,,,
21202003,,,,,,21202003,,,21202003,,,,,,21202003,21202003,,,21202003,,,,,21202003,21202003,21202003,21202003,21202003,21202003,21202003,,,,,,,,,,21202003,,,,,,,,,,,,,,,,,,,,,,,,,,,
21202001,,,,,,21202001,,,21202001,21202001,21202001,21202001,,21202001,21202001,21202001,,,21202001,,,,,21202001,21202001,21202001,21202001,21202001,21202001,21202001,21202001,21202001,,,,,,,,21202001,21202001,21202001,,,,,,,,,,,,,,,,,,,,,,,,,
21102006,,,,,,21102006,,21102006,21102006,21102006,,,,,21102006,21102006,,,,,,,,21102006,21102006,,,,21102006,21102006,,,,,,,,,,,,,,,,,,,,,,,,,,,,,,,,,,,,,
21102005,,,,,,21102005,,21102005,21102005,21102005,,,,,21102005,21102005,,,,,,,,21102005,21102005,,,21102005,21102005,21102005,,,,,,,,,,,,,,,,,,,,,,,,,,,,,,,,,,,,,
21102001,,,,,,21102001,21102001,,21102001,21102001,21102001,,,,21102001,21102001,,,,,,,,21102001,21102001,,,21102001,21102001,21102001,21102001,,,,,,,,,21102001,21102001,21102001,21102001,21102001,,,21102001,21102001,,,,,,,,,,,21102001,,,,,,,,
20302003,,,,,,20302003,,,20302003,20302003,20302003,20302003,20302003,,20302003,20302003,20302003,,,,,,,20302003,20302003,20302003,20302003,20302003,20302003,20302003,20302003,20302003,20302003,20302003,20302003,20302003,,,,20302003,20302003,20302003,20302003,20302003,,,,,,,,,,,,,,,,,,,,,,,No
20302001,,,,,,20302001,,,20302001,20302001,20302001,20302001,20302001,20302001,20302001,20302001,20302001,,,,,,,20302001,20302001,20302001,20302001,20302001,20302001,20302001,20302001,20302001,20302001,20302001,20302001,20302001,,,,20302001,20302001,20302001,20302001,20302001,,,,,,,,,,,,,,,,,,,,,,,
20202047,,,,,,20202047,,20202047,20202047,20202047,20202047,20202047,20202047,,20202047,20202047,20202047,,,,,20202047,,20202047,20202047,20202047,20202047,20202047,20202047,20202047,20202047,20202047,20202047,20202047,20202047,20202047,,,,20202047,20202047,20202047,20202047,20202047,20202047,20202047,20202047,20202047,,,,,,,,,,,,,,,,,,,
20202046,,,,,,20202046,20202046,,20202046,20202046,,20202046,20202046,20202046,20202046,20202046,20202046,,,,,,,20202046,20202046,20202046,20202046,20202046,20202046,20202046,20202046,20202046,20202046,20202046,,,,,,20202046,20202046,20202046,20202046,20202046,,,20202046,20202046,,,,,,,,,,,,,,,,,,,
20202045,,,,,,20202045,,,20202045,20202045,,20202045,20202045,20202045,20202045,20202045,20202045,,,,,,,20202045,20202045,20202045,20202045,20202045,20202045,20202045,20202045,20202045,20202045,20202045,20202045,20202045,,,,20202045,20202045,20202045,20202045,20202045,20202045,20202045,,,,,,,,,,,,,,,,,,,,,
20202044,,,,,,20202044,20202044,,20202044,20202044,20202044,20202044,20202044,,20202044,20202044,20202044,,,,,20202044,,20202044,20202044,20202044,20202044,20202044,20202044,20202044,20202044,20202044,20202044,20202044,20202044,20202044,,,,20202044,20202044,20202044,20202044,20202044,20202044,20202044,20202044,20202044,,,,,,,,,,,,,,,,,,,
20202043,,,,,,20202043,20202043,,20202043,20202043,20202043,20202043,20202043,20202043,20202043,20202043,20202043,,20202043,,,,,20202043,20202043,20202043,20202043,20202043,20202043,20202043,20202043,20202043,,20202043,,,,,,20202043,20202043,20202043,20202043,20202043,,,,,,,,,,,,,,,,,,,,,,,
20202034,,,,,,20202034,,20202034,20202034,20202034,20202034,20202034,20202034,,20202034,20202035,20202034,,,,,,,20202034,20202034,20202034,20202034,20202034,20202034,20202034,20202034,20202034,20202034,20202034,20202034,20202034,,,,20202034,20202034,20202034,20202034,20202034,20202034,20202034,20202034,20202034,,,,,,,,,,,,,,,,,,,
20202033,,,,,,20202033,20202033,,20202033,20202033,20202033,20202033,20202033,20202033,20202033,20202033,20202033,,,,,,,20202033,20202033,20202033,20202033,20202033,20202033,20202033,20202033,20202033,20202033,20202033,,,,,,20202033,20202033,20202033,20202033,20202033,20202033,20202033,,,,,,,,,,,,,,,,,,,,,
20202032,,,,,,20202032,20202032,,20202032,20202032,,20202032,20202032,20202032,20202032,20202032,20202032,,,,,,,20202032,20202032,20202032,20202032,20202032,20202032,20202032,20202032,20202032,20202032,20202032,,,,,,20202032,20202032,20202032,2020203,20202032,20202032,20202032,,,,,,,,,,,,,,,,,,,,,
20202031,,,,,,20202031,,,20202031,20202031,,20202031,20202031,,20202031,20202031,,,,20202031,,,,20202031,20202031,20202031,20202031,20202031,20202031,20202031,,,,,,,,,,20202031,20202031,20202031,,,,,,,,,,,,,,,,,,,,,,,,,
20202030,,,,,,20202030,,,20202030,20202030,20202030,20202030,20202030,20202030,20202030,20202030,20202030,,20202030,,,,,20202030,20202030,20202030,20202030,20202030,20202030,20202030,20202030,20202030,20202030,20202030,,,,,,20202030,20202030,20202030,20202030,20202030,20202030,20202030,20202030,20202030,20202030,20202030,,,,,,,,,20202030,,,,,,,,
20202029,,,,,,20202029,,,20202029,20202029,20202029,20202029,20202029,20202029,20202029,20202029,20202029,,,,,,,20202029,20202029,20202029,20202029,20202029,20202029,20202029,20202029,20202029,20202029,20202029,20202029,20202029,,,,20202029,20202029,20202029,20202029,20202029,,,,,,,,,,,,,,,,,,,,,,,
20202028,,,,,,20202028,,,20202028,20202028,,20202028,20202028,20202028,20202028,20202028,20202028,,,,,,,20202028,20202028,,,20202028,20202028,20202028,20202028,20202028,20202028,20202028,,,,,,20202028,,,,,20202028,20202028,,,,,,,,,,,,,,,,,,,,,
20202026,,,,,,20202026,20202026,,20202026,20202026,,,,,20202026,20202026,20202026,,20202026,,,,,20202026,20202026,,,20202026,20202026,20202026,20202026,,,,,,,,,20202026,20202026,20202026,,,,,,,,,,,,,,,,,,,,,,,,,
20202025,,,,,,20202025,20202025,,20202025,20202025,,20202025,20202025,20202025,20202025,20202025,20202025,,,,,,,20202025,20202025,20202025,20202025,20202025,20202025,20202025,20202025,20202025,20202025,20202025,,,,,,20202025,20202025,20202025,20202025,20202025,20202025,20202025,,,,,,,,,,,,,,,,,,,,,
20202024,,,,,,20202024,,,20202024,20202024,20202024,20202024,20202024,20202024,20202024,20202024,20202024,,,,,,,20202024,20202024,20202024,20202024,20202024,20202024,20202024,20202024,20202024,20202024,20202024,20202024,20202024,,,,20202024,20202024,20202024,20202024,20202024,,,,,,,,,,,,,,,,,,,,,,,
20202022,,,,,,20202022,20202022,,20202022,20202022,20202022,20202022,20202022,,20202022,20202022,20202022,,20202022,,,,,20202022,20202022,20202022,20202022,20202022,20202022,20202022,20202022,20202022,20202022,20202022,20202022,20202022,,,,20202022,20202022,20202022,20202022,20202022,,,,,,,,,,,,,,,,,,,,,,,
20202017,,,,,,20202017,,,20202017,20202017,20202017,20202017,20202017,20202017,20202017,20202017,20202017,,,,,,,20202017,20202017,20202017,20202017,20202017,20202017,20202017,20202017,20202017,20202017,20202017,20202017,20202017,,,,20202017,20202017,20202017,20202017,20202017,,,,,,,,,,,,,,,,,,,,,,,
20202016,,,,,,20202016,,20202016,20202016,20202016,20202016,20202016,20202016,20202016,20202016,20202016,20202016,,20202016,,,20202016,20202016,20202016,20202016,20202016,20202016,20202016,20202016,20202016,20202016,20202016,20202016,20202016,20202016,20202016,20202016,20202016,20202016,20202016,20202016,20202016,20202016,20202016,20202016,20202016,20202016,20202016,20202016,20202016,20202016,20202016,20202016,20202016,20202016,20202016,20202016,20202016,20202016,20202016,20202016,20202016,,,,,
20202012,,,,,,20202012,,,20202012,20202012,,20202012,20202012,,20202012,20202012,20202012,,,,,,,20202012,20202012,,,20202012,20202012,20202012,20202012,20202012,,,,,,,,20202012,20202012,20202012,,,,,,,,,,,,,,,,,,,,,,,,,
20202011,,,,,,20202011,20202011,,20202011,20202011,,20202011,,20202011,20202011,20202011,,,,,,,,20202011,20202011,20202011,20202011,20202011,20202011,20202011,20202011,20202011,,,,,,,,20202011,20202011,20202011,20202011,20202011,,,20202011,20202011,,,,,,,,,,,,,,,,,,,
20202003,,,,,,20202003,,,20202003,20202003,20202003,20202003,20202003,20202003,,,20202003,,20202003,,,,,20202003,20202003,20202003,20202003,20202003,20202003,20202003,20202003,20202003,20202003,20202003,20202003,20202003,,,,20202003,20202003,20202003,,,,,20202003,20202003,,,,,,,,,,,,,,,,,,,
20202001,,,,,,20202001,20202001,,20202001,20202001,20202001,20202001,20202001,20202001,20202001,20202001,20202001,,,,,,,20202001,20202001,20202001,20202001,20202001,20202001,20202001,20202001,20202001,20202001,20202001,20202001,20202001,,,,20202001,20202001,20202001,,,,,,,,,,,,,,,,,,,,,,,,,
20102002,,,,,,20102002,,,20102002,,,20102002,,20102002,20102002,20102002,,,,,,,,20102002,20102002,,,20102002,20102002,20102002,20102002,20102002,,,,,,,,,20102002,20102002,,,,,,,,,,,,,,,,,,,,,,,,,
20102001,,,,,,20102001,,,20102001,20102001,20102001,,,,20102001,,,,,,,,,20102001,20102001,,,20102001,20102001,20102001,,,,,,,,,,20102001,20102001,20102001,,,,,,,,,,,,,,,,,,,,,,,,,
19302020,,,,,,19302020,,19302020,19302020,19302020,19302020,,,,19302020,19302020,,,,,,,,19302020,19302020,,,19302020,19302020,19302020,19302020,19302020,,,,,,,,19302020,19302020,19302020,,,,,,,,,,,,,,,,,,,,,,,,,
19302016,,,,,,19302016,19302016,19302016,19302016,19302016,19302016,19302016,,19302016,19302016,19302016,19302016,,19302016,19302016,,19302016,,19302016,19302016,19302016,19302016,19302016,19302016,19302016,19302016,19302016,19302016,19302016,,,,,,19302016,19302016,19302016,19302016,19302016,,,19302016,19302016,19302016,19302016,,,,,,,,,19302016,,,,,,,,
19302014,,,,,,19302014,,19302014,19302014,19302014,19302014,19302014,19302014,19302014,19302014,19302014,19302014,,19302014,19302014,,19302014,,19302014,19302014,19302014,19302014,19302014,19302014,19302014,19302014,19302014,19302014,19302014,,,,,,19302014,19302014,19302014,19302014,19302014,19302014,19302014,19302014,19302014,19302014,19302014,19302014,19302014,,,,,,,19302014,,,,,,,,
19302008,,,,,,19302008,,19302008,19302008,19302008,19302008,19302008,19302008,19302008,19302008,19302008,19302008,,19302008,19302008,,19302008,,19302008,19302008,19302008,19302008,19302008,19302008,19302008,19302008,19302008,19302008,19302008,,,,,,19302008,19302008,19302008,19302008,19302008,19302008,19302008,19302008,19302008,19302008,19302008,19302008,19302008,,,,,,,19302008,,,,,,,,
19302007,,,,,,19302007,,19302007,19302007,19302007,19302007,19302007,19302007,19302007,19302007,19302007,19302007,,19302007,19302007,,,,19302007,19302007,19302008,19302007,19302007,19302007,19302007,19302007,19302007,,,,,,,,19302007,19302007,19302007,19302007,19302007,19302007,19302007,19302007,19302007,19302007,10302007,,,,,,,,,19302007,,,,,,,,
19302004,,,,,,19302004,,19302004,19302004,19302004,19302004,19302004,19302004,19302004,19302004,19302004,19302004,,19302004,19302004,,19302004,,19302004,19302004,19302004,19302004,19302004,19302004,19302004,19302004,19302004,19302004,19302004,,,,,,19302004,19302004,19302004,19302004,19302004,19302004,19302004,19302004,19302004,19302004,19302004,19302004,19302004,,,,,,,19302004,,,,,,,,
19302003,,,,,,19302003,,19302003,19302003,19302003,19302003,19302003,19302003,19302003,19302003,19302003,19302003,,19302003,19302003,,19302003,,,,19302003,19302003,19302003,19302003,19302003,19302003,19302003,19302003,19302003,,,,,,19302003,19302003,19302003,19302003,19302003,19302003,19302003,19302003,19302003,19302003,19302003,19302003,19302003,,,,,,,19302003,,,,,,,,
19302002,,,,,,19302002,,19302002,19302002,19302002,19302002,19302002,19302002,19302002,19302002,19302002,19302002,,19302002,19302002,,19302002,,19302002,19302002,19302002,19302002,19302002,19302002,19302002,19302002,19302002,19302002,19302002,,,,,,19302002,19302002,19302002,19302002,19302002,19302002,19302002,19302002,19302002,19302002,19302002,19302002,19302002,,,,,,,19302002,,,,,,,,
19202034,,,,,,19202034,,19202034,19202034,19202034,19202034,19202034,19202034,19202034,19202034,19202034,19202034,,19202034,19202034,,19202034,,19202034,19202034,19202034,19202034,19202034,19202034,19202034,19202034,19202034,19202034,19202034,,,,,,19202034,19202034,19202034,19202034,19202034,19202034,19202034,19202034,19202034,19202034,19202034,19202034,19202034,,,,,,,19202034,,,,,,,,
19202031,,,,,,19202031,,19202031,19202031,19202031,19202031,19202031,19202031,19202031,19202031,19202031,19202031,,19202031,19202031,,19202031,,19202031,19202031,19202031,19202031,19202031,19202031,19202031,19202031,19202031,19202031,19202031,19202031,19202031,19202031,19202031,19202031,19202031,19202031,19202031,19202031,19202031,19202031,19202031,19202031,19202031,19202031,19202031,19202031,19202031,,,19202031,19202031,,,19202031,,,,,,,,
19202030,,,,,,19202030,,19202030,19202030,19202030,19202030,19202030,19202030,19202030,19202030,19202030,19202030,,,19202030,,19202030,,19202030,19202030,19202030,19202030,19202030,19202030,19202030,19202030,19202030,19202030,19202030,19202030,19202030,19202030,19202030,19202030,19202030,19202030,19202030,19202030,19202030,19202030,19202030,19202030,19202030,19202030,19202030,19202030,19202030,19202030,19202030,19202030,19202030,,,19202030,19202030,,19202030,,,,,
19202029,,,,,,19202029,,19202029,19202029,19202029,19202029,19202029,19202029,19202029,19202029,19202029,19202029,,,19202029,,19202029,,19202029,19202029,19202029,19202029,19202029,19202029,19202029,19202029,19202029,19202029,19202029,19202029,19202029,19202029,19202029,19202029,19202029,19202029,19202029,19202029,19202029,19202029,19202029,19202029,19202029,19202029,19202029,19202029,19202029,19202029,19202029,19202029,19202029,,,19202029,19202029,,19202029,,,,,
19202026,,,,,,19202026,,,19202026,19202026,19202026,,19202026,19202026,19202026,19202026,19202026,,,19202026,,19202026,,19202026,19202026,19202026,19202026,19202026,19202026,19202026,19202026,,,,,,,,,19202026,,,,,,,,,,,,,,,,,,,,,,,,,,,
19202025,,,,,,19202025,,19202025,19202025,19202025,19202025,19202025,19202025,19202025,19202025,19202025,19202025,,19202025,19202025,,,,19202025,19202025,19202025,19202025,19202025,19202025,19202025,19202025,19202025,19202025,19202025,19202025,19202025,19202025,19202025,19202025,19202025,19202025,19202025,19202025,19202025,19202025,19202025,19202025,19202025,19202025,19202025,19202025,19202025,19202025,19202025,19202025,19202025,,,19202025,,,19202025,,,,,"CSE317	Computer Organization and Architecture	"
19202022,,,,,,19202022,,19202022,19202022,19202022,19202022,19202022,19202022,19202022,19202022,19202022,19202022,,19202022,19202022,,19202022,19202022,19202022,19202022,19202022,19202022,19202022,19202022,19202022,19202022,19202022,19202022,19202022,19202022,19202022,19202022,19202022,19202022,19202022,19202022,19202022,19202022,19202022,19202022,19202022,19202022,19202022,19202022,19202022,19202022,19202022,19202022,19202022,19202022,19202022,19202022,19202022,19202022,19202022,19202022,19202022,19202022,19202022,,19202022,
19202021,,,,,,19202021,,19202021,19202021,19202021,19202021,19202021,19202021,19202021,19202021,19202021,19202021,,19202021,19202021,,19202021,,19202021,19202021,19202021,19202021,19202021,19202021,19202021,19202021,19202021,19202021,19202021,19202021,19202021,19202021,19202021,19202021,19202021,19202021,19202021,19202021,19202021,19202021,19202021,19202021,19202021,19202021,19202021,19202021,19202021,19202021,19202021,19202021,19202021,,,19202021,19202021,19202021,19202021,,,,,
19202020,,,,,,19202020,,19202020,19202020,19202020,19202020,19202020,19202020,19202020,19202020,19202020,19202020,,19202020,19202020,,19202020,,19202020,19202020,19202020,19202020,19202020,19202020,19202020,19202020,19202020,19202020,19202020,19202020,19202020,19202020,19202020,,19202020,19202020,19202020,19202020,19202020,19202020,19202020,19202020,19202020,19202020,19202020,19202020,19202020,19202020,19202020,19202020,19202020,,,19202020,19202020,19202020,19202020,,,,,
19202019,,,,,,19202019,,19202019,19202019,19202019,19202019,19202019,19202019,19202019,19202019,19202019,19202019,,,19202019,,,,19202019,19202019,,,19202019,19202019,19202019,19202019,19202019,19202019,19202019,19202019,19202019,,,,19202019,19202019,19202019,19202019,19202019,19202019,19202019,,,19202019,19202019,19202019,19202019,19202019,19202019,,,,,,,,,,,,,
19202011,,,,,,19202011,,19202011,19202011,19202011,19202011,19202011,19202011,19202011,19202011,19202011,19202011,,19202011,19202011,,,,19202011,19202011,19202011,19202011,19202011,19202011,19202011,19202011,19202011,19202011,19202011,19202011,19202011,19202011,19202011,19202011,19202011,19202011,19202011,19202011,19202011,19202011,19202011,19202011,19202011,19202011,19202011,19202011,19202011,19202011,19202011,19202011,19202011,,,19202011,,,19202011,,,,,
19202010,,,,,,19202010,,19202010,19202010,19202010,19202010,19202010,19202010,19202010,19202010,19202010,19202010,,19202010,19202010,,19202010,,19202010,19202010,19202010,19202010,19202010,19202010,19202010,19202010,19202010,19202010,19202010,19202010,19202010,19202010,19202010,19202010,19202010,19202010,19202010,19202010,19202010,19202010,19202010,19202010,19202010,19202010,19202010,19202010,19202010,19202010,19202010,19202010,19202010,,,19202010,,,19202010,,,,,
19202009,,,,,,19202009,,19202009,19202009,19202009,19202009,19202009,19202009,19202009,19202009,19202009,19202009,,19202009,19202009,,19202009,,19202009,19202009,19202009,19202009,19202009,19202009,19202009,19202009,19202009,19202009,19202009,19202009,19202009,19202009,19202009,19202009,19202009,19202009,19202009,19202009,19202009,19202009,19202009,19202009,19202009,19202009,19202009,19202009,19202009,19202009,19202009,19202009,19202009,,,19202009,19202009,,19202009,,,,,
19202007,,,,,,19202007,,19202007,19202007,19202007,19202007,19202007,19202007,19202007,19202007,19202007,19202007,,,19202007,,19202007,,19202007,19202007,19202007,19202007,19202007,19202007,19202007,19202007,19202007,19202007,19202007,19202007,19202007,19202007,19202007,19202007,19202007,19202007,19202007,19202007,19202007,19202007,19202007,19202007,19202007,19202007,19202007,19202007,19202007,19202007,19202007,19202007,19202007,,,19202007,,,19202007,,,,,
19202005,,,,,,19202005,,19202005,19202005,19202005,19202005,19202005,19202005,19202005,19202005,19202005,19202005,,19202005,19202005,,19202005,,19202005,19202005,,,19202005,19202005,19202005,19202005,19202005,19202005,19202005,19202005,19202005,19202005,19202005,19202005,19202005,19202005,19202005,19202005,19202005,19202005,19202005,19202005,19202005,19202005,19202005,19202005,19202005,,,19202005,19202005,,,19202005,19202005,,,,,,,
19202004,,,,,,19202004,,19202004,19202004,19202004,19202004,19202004,19202004,19202004,19202004,19202004,19202004,,,19202004,,,,19202004,19202004,19202004,19202004,19202004,19202004,19202004,19202004,19202004,19202004,19202004,19202004,19202004,19202004,19202004,19202004,19202004,19202004,19202004,19202004,19202004,19202004,19202004,19202004,19202004,19202004,19202004,19202004,19202004,19202004,19202004,,,19202004,19202004,19202004,19202004,,19202004,,,,,
19102008,,,,,,19102008,,,19102008,19102008,19102008,19102008,19102008,19102008,19102008,19102008,19102008,,19102008,19102008,,19102008,,19102008,19102008,19102008,19102008,19102008,19102008,19102008,19102008,19102008,19102008,19102008,19102008,19102008,,,,19102008,19102008,19102008,19102008,19102008,19102008,19102008,19102008,19102008,19102008,19102008,19102008,19102008,,,,,,,19102008,,,,,,,,
19102006,,,,,,19102006,,,19102006,19102006,19102006,19102006,19102006,,19102006,19102006,19102006,,19102006,19102006,,19102006,,19102006,19102006,19102006,19102006,19102006,19102006,19102006,19102006,19102006,19102006,19102006,19102006,19102006,,,,19102006,19102006,19102006,19102006,19102006,19102006,19102006,19102006,19102006,19102006,19102006,19102006,19102006,,,,,,,19102006,,,,,,,,
19102005,,,,,,19102005,,,19102005,19102005,19102005,19102005,19102005,,19102005,19102005,19102005,,19102005,19102005,,19102005,,19102005,19102005,19102005,19102005,19102005,19102005,19102005,19102005,19102005,19102005,19102005,19102005,19102005,,,,19102005,19102005,19102005,19102005,19102005,19102005,19102005,19102005,19102005,19102005,19102005,19102005,19102005,,,,,,,19102005,,,,,,,,
19102002,,,,,,19102002,,19102002,19102002,19102002,19102002,19102002,19102002,,19102002,19102002,19102002,,,,,19102002,,19102002,19102002,19102002,19102002,19102002,19102002,19102002,19102002,19102002,19102002,19102002,19102002,19102002,,,,19102002,19102002,19102002,19102002,19102002,19102002,19102002,19102002,19102002,,,,,,,,,,,,,,,,,,,
18302019,,,,,,18302019,,18302019,18302019,18302019,18302019,18302019,18302019,18302019,18302019,18302019,18302019,,18302019,18302019,,18302019,,18302019,18302019,18302019,18302019,18302019,18302019,18302019,18302019,18302019,18302019,18302019,18302019,18302019,18302019,18302019,18302019,18302019,18302019,18302019,18302019,18302019,18302019,18302019,18302019,18302019,18302019,18302019,18302019,18302019,,,18302019,18302019,,18302019,18302019,18302019,,18302019,18302019,,,18302019,
18302016,,,,,,18302016,,18302016,18302016,18302016,18302016,18302016,18302016,18302016,18302016,18302016,,,,18302016,,18302016,,18302016,18302016,18302016,18302016,18302016,18302016,18302016,18302016,18302016,18302016,18302016,18302016,18302016,,,18302016,18302016,18302016,18302016,18302016,18302016,18302016,18302016,18302016,18302016,18302016,18302016,18302016,18302016,18302016,18302016,18302016,18302016,18302016,18302016,18302016,18302016,18302016,18302016,18302016,18302016,,,
18302009,,,,,,18302009,,18302009,18302009,18302009,18302009,18302009,18302009,18302009,18302009,,18302009,,18302009,18302009,,18302009,,18302009,18302009,18302009,18302009,18302009,18302009,18302009,18302009,18302009,18302009,18302009,18302009,18302009,18302009,18302009,18302009,18302009,18302009,18302009,18302009,18302009,18302009,18302009,18302009,18302009,18302009,18302009,18302009,18302009,,,18302009,18302009,18302009,18302009,18302009,18302009,,18302009,18302009,,,18302009,
18302008,,,,,,18302008,,18302008,18302008,18302008,18302008,18302008,18302008,18302008,18302008,18302008,18302008,,18302008,18302008,,18302008,,18302008,18302008,18302008,18302008,18302008,18302008,18302008,18302008,,18302008,18302008,18302008,18302008,18302008,18302008,18302008,18302008,18302008,18302008,18302008,18302008,18302008,18302008,18302008,18302008,18302008,18302008,18302008,18302008,,,18302008,18302008,,18302008,18302008,18302008,,18302008,18302008,,,,
18302007,,,,,,18302007,,18302007,18302007,18302007,18302007,18302007,18302007,18302007,18302007,18302007,18302007,,18302007,18302007,,18302007,,18302007,18302007,18302007,18302007,18302007,18302007,18302007,18302007,18302007,18302007,18302007,18302007,18302007,18302007,18302007,18302007,18302007,18302007,18302007,18302007,18302007,18302007,18302007,18302007,18302007,18302007,18302007,18302007,18302007,,,18302007,18302007,18302007,18302007,18302007,18302007,,18302007,,,,18302007,
18202086,,,,,,18202086,,18202086,18202086,18202086,No,18202086,18202086,18202086,18202086,18202086,18202086,,18202086,18202086,,18202086,,18202086,18202086,18202086,18202086,18202086,18202086,18202086,18202086,18202086,18202086,18202086,18202086,,18202086,,18202086,18202086,18202086,,18202086,,18202086,18202086,,,,,18202086,,,,18202086,18202086,,,18202086,18202086,,18202086,,,,,No
18202074,,,,,,18202074,,18202074,18202074,18202074,18202074,18202074,18202074,18202074,18202074,18202074,18202074,,18202074,18202074,,18202074,,18202074,18202074,18202074,18202074,18202074,18202074,18202074,18202074,18202074,18202074,18202074,18202074,18202074,18202074,18202074,,18202074,18202074,18202074,18202074,18202074,18202074,18202074,18202074,18202074,18202074,18202074,18202074,,18202074,18202074,,,18202074,18202074,18202074,18202074,,,,,,,
18202063,,,,,,18202063,,18202063,18202063,18202063,18202063,18202063,18202063,18202063,18202063,18202063,18202063,,18202063,18202063,,18202063,,18202063,18202063,18202063,18202063,18202063,18202063,18202063,18202063,18202063,18202063,18202063,18202063,18202063,18202063,18202063,18202063,18202063,18202063,18202063,18202063,18202063,18202063,18202063,18202063,18202063,18202063,18202063,18202063,18202063,18202063,18202063,18202063,18202063,18202063,18202063,18202063,18202063,18202063,18202063,18202063,18202063,,18202063,
18202058,,,,,,18202058,,18202058,18202058,18202058,18202058,18202058,18202058,18202058,18202058,18202058,18202058,,18202058,18202058,,18202058,,18202058,18202058,18202058,18202058,18202058,18202058,18202058,18202058,18202058,18202058,18202058,18202058,18202058,,,,18202058,18202058,18202058,18202058,18202058,18202058,18202058,18202058,18202058,18202058,18202058,18202058,18202058,,,,,18202058,18202058,18202058,,,,18202058,,,18202058,
18202056,,,,,,18202056,,18202056,18202056,,18202056,18202056,18202056,18202056,18202056,18202056,18202056,,18202056,18202056,,18202056,,18202056,18202056,18202056,18202056,18202056,18202056,18202056,18202056,18202056,18202056,18202056,18202056,18202056,18202056,18202056,18202056,18202056,18202056,18202056,18202056,18202056,18202056,18202056,18202056,18202056,18202056,18202056,18202056,18202056,18202056,18202056,18202056,18202056,18202056,18202056,18202056,18202056,18202056,18202056,18202056,,,18202056,
18202043,,,,,,18202043,,18202043,18202043,18202043,18202043,18202043,18202043,18202043,18202043,18202043,18202043,,18202043,18202043,,18202043,,18202043,18202043,18202043,18202043,18202043,18202043,18202043,18202043,18202043,18202043,18202043,18202043,18202043,18202043,18202043,18202043,18202043,18202043,18202043,18202043,18202043,18202043,18202043,18202043,18202043,18202043,18202043,18202043,18202043,18202043,18202043,18202043,18202043,18202043,18202043,18202043,18202043,18202043,18202043,18202043,18202043,,18202043,
18202036,,,,,,18202036,18202036,18202036,18202036,18202036,18202036,18202036,18202036,18202036,18202036,18202036,18202036,,18202036,18202036,,18202036,18202036,18202036,18202036,18202036,18202036,18202036,18202036,18202036,18202036,18202036,18202036,18202036,18202036,18202036,18202036,18202036,18202036,18202036,18202036,18202036,18202036,18202036,18202036,18202036,18202036,18202036,18202036,18202036,18202036,18202036,18202036,18202036,18202036,18202036,18202036,18202036,18202036,18202036,18202036,18202036,18202036,,,18202036,
18202026,,,,,,18202026,,18202026,18202026,18202026,18202026,18202026,18202026,18202026,18202026,18202026,18202026,,18202026,18202026,,,,18202026,18202026,,,18202026,18202026,18202026,18202026,18202026,18202026,18202026,18202026,18202026,18202026,18202026,18202026,18202026,18202026,18202026,18202026,18202026,18202026,18202026,18202026,18202026,18202026,18202026,18202026,18202026,18202026,18202026,18202026,18202026,18202026,18202026,18202026,18202026,18202026,18202026,18202026,18202026,,,
18202024,,,,,,18202024,,18202024,18202024,18202024,,18202024,18202024,18202024,18202024,18202024,18202024,18202024,18202024,18202024,,18202024,,18202024,18202024,18202024,18202024,18202024,18202024,18202024,18202024,18202024,18202024,18202024,18202024,18202024,18202024,18202024,18202024,18202024,18202024,18202024,18202024,18202024,18202024,18202024,18202024,18202024,18202024,18202024,18202024,18202024,18202024,18202024,,,18202024,18202024,18202024,18202024,,,18202024,,,,No
18202023,,,,,,18202023,,18202023,18202023,18202023,18202023,18202023,18202023,18202023,18202023,18202023,18202023,,18202023,18202023,,18202023,18202023,18202023,18202023,18202023,18202023,18202023,18202023,18202023,18202023,18202023,18202023,18202023,18202023,18202023,,,18202023,18202023,18202023,18202023,18202023,18202023,18202023,18202023,,,18202023,18202023,18202023,18202023,,,,,18202023,18202023,,,,,,,,,
18202022,,,,,,18202022,,18202022,18202022,18202022,18202022,18202022,18202022,18202022,18202022,18202022,18202022,,18202022,18202022,,18202022,,18202022,18202022,18202022,18202022,18202022,18202022,18202022,18202022,18202022,18202022,18202022,18202022,18202022,18202022,18202022,18202022,18202022,18202022,18202022,18202022,18202022,18202022,18202022,18202022,18202022,18202022,18202022,18202022,18202022,18202022,18202022,18202022,18202022,18202022,18202022,18202022,18202022,,18202022,18202022,18202022,,18202022,
18202021,,,,,,18202021,,18202021,18202021,18202021,18202021,,18202021,18202021,18202021,18202021,18202021,,18202021,18202021,,18202021,,18202021,18202021,18202021,18202021,18202021,18202021,18202021,18202021,18202021,18202021,18202021,18202021,18202021,18202021,18202021,18202021,18202021,18202021,18202021,18202021,18202021,18202021,18202021,18202021,18202021,18202021,18202021,18202021,18202021,,,18202021,18202021,18202021,18202021,18202021,18202021,18202021,18202021,18202021,18202021,,18202021,
18202020,,,,,,18202020,,18202020,18202020,18202020,18202020,18202020,18202020,18202020,18202020,18202020,18202020,,18202020,18202020,,18202020,,18202020,18202020,18202020,18202020,18202020,18202020,18202020,18202020,18202020,18202020,18202020,18202020,18202020,18202020,18202020,18202020,18202020,18202020,18202020,18202020,18202020,18202020,18202020,18202020,18202020,18202020,18202020,18202020,18202020,18202020,18202020,18202020,18202020,18202020,18202020,18202020,18202020,18202020,18202020,18202020,18202020,,18202020,
18202018,,,,,,18202018,,18202018,18202018,18202018,18202018,18202018,18202018,18202018,18202018,18202018,18202018,,18202018,18202018,,18202018,,18202018,18202018,,,18202018,18202018,18202018,18202018,18202018,18202018,18202018,18202018,18202018,,,18202018,18202018,18202018,18202018,18202018,18202018,18202018,18202018,18202018,18202018,18202018,18202018,18202018,18202018,18202018,18202018,18202018,18202018,18202018,18202018,18202018,18202018,18202018,18202018,18202018,18202018,,,
18202015,,,,,,18202015,,180202015,180202015,180202015,180202015,180202015,180202015,180202015,180202015,180202015,180202015,,180202015,180202015,,180202015,,180202015,180202015,180202015,180202015,180202015,180202015,180202015,180202015,180202015,180202015,180202015,180202015,180202015,180202015,180202015,180202015,180202015,180202015,180202015,180202015,180202015,180202015,18202015,180202015,180202015,180202015,180202015,180202015,180202015,180202015,180202015,180202015,180202015,,,180202015,,,180202015,180202015,,,,No
18202014,,,,,,18202014,,18202014,18202014,18202014,18202014,18202014,18202014,18202014,18202014,18202014,18202014,,18202014,18202014,,18202014,,18202014,18202014,,,18202014,18202014,18202014,18202014,18202014,18202014,18202014,18202014,18202014,18202014,18202014,18202014,18202014,18202014,18202014,18202014,18202014,18202014,18202014,18202014,18202014,18202014,18202014,18202014,18202014,18202014,18202014,18202014,18202014,18202014,18202014,18202014,18202014,18202014,18202014,18202014,18202014,,,
18202013,,,,,,18202013,,18202013,18202013,18202013,18202013,18202013,,18202013,18202013,18202013,18202013,,18202013,18202013,,18202013,,18202013,18202013,18202013,18202013,18202013,18202013,18202013,18202013,18202013,18202013,,,,,,,18202013,18202013,18202013,,,,,18202013,18202013,,,,,,,,,,,18202013,,,,,,,,
18202012,,,,,,18202012,,18202012,18202012,,18202012,18202012,18202012,18202012,18202012,18202012,,,18202012,,,18202012,,,,,,18202012,18202012,18202012,18202012,18202012,18202012,18202012,18202012,18202012,18202012,18202012,18202012,18202012,18202012,18202012,18202012,18202012,18202012,18202012,18202012,18202012,18202012,18202012,18202012,18202012,18202012,18202012,18202012,18202012,18202012,18202012,18202012,18202012,18202012,18202012,18202012,18202012,,,
18202007,,,,,,18202007,,18202007,18202007,18202007,18202007,18202007,18202007,18202007,18202007,18202007,18202007,,18202007,18202007,,18202007,,18202007,18202007,18202007,18202007,18202007,18202007,18202007,18202007,18202007,18202007,18202007,18202007,18202007,18202007,18202007,18202007,18202007,18202007,18202007,18202007,18202007,18202007,18202007,18202007,18202007,18202007,18202007,18202007,18202007,,,18202007,18202007,18202007,18202007,18202007,,,18202007,,,,,
18102013,,,,,,18102013,,18102013,18102013,18102013,18102013,18102013,18102013,18102013,18102013,18102013,18102013,,18102013,18102013,,18102013,,18102013,18102013,,,18102013,18102013,18102013,18102013,18102013,18102013,18102013,18102013,18102013,18102013,18102013,18102013,18102013,18102013,18102013,18102013,18102013,18102013,18102013,18102013,18102013,18102013,18102013,18102013,18102013,18102013,18102013,18102013,18102013,18102013,,18102013,18102013,18102013,18102013,18102013,18102013,,18102013,
18102012,,,,,,18102012,,18102012,18102012,18102012,18102012,18102012,18102012,18102012,18102012,18102012,18102012,,18102012,18102012,,18102012,,18102012,18102012,18102012,18102012,18102012,18102012,18102012,18102012,18102012,18102012,18102012,18102012,18102012,18102012,18102012,18102012,18102012,18102012,18102012,18102012,18102012,18102012,18102012,18102012,18102012,18102012,18102012,18102012,18102012,18102012,18102012,18102012,18102012,18102012,18102012,18102012,,18102012,18102012,18102012,18102012,,18102012,
18102011,,,,,,18102011,,18102011,18102011,18102011,18102011,18102011,18102011,18102011,18102011,18102011,18102011,,18102011,18102011,,18102011,,18102011,18102011,18102011,18102011,18102011,18102011,18102011,18102011,18102011,18102011,18102011,18102011,18102011,,,,18102011,18102011,18102011,18102011,18102011,,,,,18102011,18102011,18102011,18102011,18102011,18102011,18102011,18102011,,,18102011,18102011,,18102011,,,,,Cse329L
18102007,,,,,,18102007,,18102007,18102007,18102007,18102007,18102007,18102007,18102007,18102007,18102007,18102007,,18102007,18102007,,18102007,,18102007,18102007,,,18102007,18102007,18102007,18102007,18102007,18102007,18102007,18102007,18102007,18102007,18102007,18102007,18102007,18102007,18102007,18102007,18102007,18102007,18102007,18102007,18102007,18102007,18102007,18102007,18102007,18102007,18102007,18102007,18102007,18102007,18102007,18102007,,18102007,18102007,18102007,18102007,,18102007,
18102006,,,,,,18102006,,18102006,18102006,18102006,18102006,18102006,18102006,18102006,18102006,18102006,18102006,,18102006,18102006,,18102006,,18102006,18102006,,,18102006,18102006,18102006,18102006,18102006,18102006,18102006,18102006,18102006,18102006,18102006,18102006,18102006,18102006,18102006,18102006,18102006,18102006,18102006,18102006,18102006,18102006,18102006,18102006,18102006,18102006,18102006,18102006,18102006,18102006,18102006,18102006,18102006,18102006,18102006,18102006,,,18102006,
18102005,,,,,,18102005,,18102005,18102005,18102005,18102005,,18102005,18102005,18102005,18102005,18102005,,18102005,18102005,,18102005,,18102005,18102005,18102005,18102005,18102005,18102005,18102005,18102005,18102005,18102005,18102005,18102005,18102005,18102005,,18102005,18102005,18102005,18102005,18102005,18102005,18102005,18102005,18102005,18102005,18102005,18102005,18102005,18102005,,,18102005,18102005,,18102005,18102005,,,18102005,,,,,
18102001,,,,,,18102001,,18102001,18102001,18102001,18102001,18102001,18102001,18102001,18102001,18102001,18102001,,18102001,18102001,,18102001,,18102001,18102001,18102001,18102001,18102001,18102001,18102001,18102001,18102001,18102001,18102001,18102001,18102001,18102001,18102001,18102001,18102001,18102001,18102001,18102001,18102001,18102001,18102001,18102001,18102001,18102001,18102001,18102001,18102001,18102001,18102001,18102001,18102001,18102001,18102001,18102001,18102001,18102001,18102001,18102001,,,18102001,
17102017,,,,,,17102017,,17102017,17102017,17102017,17102017,17102017,17102017,,17102017,17102017,,,17102017,,,17102017,,17102017,17102017,17102017,17102017,17102017,17102017,17102017,17102017,17102017,,,17102017,17102017,,,,17102017,17102017,17102017,17102017,,17102017,17102017,,,,,,,,,,,,,,,,,,,,No,
